{"cameraMode":{"drawMode":0,"name":"Shaded","section":"Shading Mode"},"sceneLighting":true,"audioPlay":false,"sceneViewState":{"m_AlwaysRefresh":false,"showFog":true,"showSkybox":true,"showFlares":true,"showImageEffects":true,"showParticleSystems":true,"showVisualEffectGraphs":true,"m_FxEnabled":true},"in2DMode":false,"pivot":{"x":-0.022408626973628999,"y":1.1268693208694459,"z":-0.07876371592283249},"rotation":{"x":-0.04828864708542824,"y":-0.6644787192344666,"z":0.043160904198884967,"w":-0.7445423603057861},"size":5.682738304138184,"orthographic":true}